lr,ff,start,end,seed,trR2,valR2,tr_rmse,val_rmse
0.03,0.3,16,29,42,0.5504687827745984,0.42569878727352795,0.7521058606778102,0.7845353566722577
