lr,ff,start,end,seed,trR2,valR2,tr_rmse,val_rmse
0.03,0.3,16,29,42,0.5510398515845596,0.42315865387200624,0.7516311735018683,0.7862824448203599
