lr,ff,start,end,seed,trR2,valR2,tr_rmse,val_rmse
0.03,0.3,16,29,42,0.5498591510323354,0.42469381072690293,0.7526195412787945,0.7852271428872165
