lr,ff,start,end,seed,trR2,valR2,tr_rmse,val_rmse
0.05,0.3,19,29,42,0.5547695375301039,0.41704306557527504,0.7688474749620829,0.7904394761552594
