lr,reg,max_iter,estop,start,end,n_val_mo,seed,trR2,valR2,tr_rmse,val_rmse,best_iter,best_val_rmse,model_time,predict_time,total_time
0.02,0.4,8000,200,13,29,False,42,0.5723333550477487,0.42744463893125495,0.7426570847073798,0.7833476105227664,0,1253.472557750032,00:35:36,00:13:33,00:49:09
0.005,0.4,8000,200,13,29,False,42,0.5486883006868095,0.4266119104869789,0.7629111014609841,0.7839170566152697,0,1254.3032423125865,01:24:53,00:35:09,02:00:02
