lr,ff,start,end,seed,trR2,valR2,tr_rmse,val_rmse
0.03,0.3,16,29,42,0.5623460023060962,0.4238428340151825,0.7421066687784119,0.7858160052480746
