lr,ff,start,end,seed,trR2,valR2,tr_rmse,val_rmse
0.03,0.3,16,29,42,0.5423227500930368,0.4232143368485358,0.7588923556328272,0.7862448031770761
