lr,ff,start,end,seed,trR2,valR2,tr_rmse,val_rmse
0.03,0.3,18,29,42,0.531785054821055,0.4183004060619291,0.7758127412423871,0.7895865932333495
