lr,ff,start,end,seed,trR2,valR2,tr_rmse,val_rmse
0.03,0.3,13,29,42,0.5238724986775176,0.47585011822755363,0.7836051331307999,0.7016097716542262
0.03,0.3,13,30,42,0.5319788900912292,0.4510126335297806,0.7724022545422448,0.7334510039683153
0.03,0.3,13,31,42,0.5378220482947105,0.3595777393952466,0.7641518851219499,0.911079037782622
0.03,0.3,13,32,42,0.5109211784804489,0.3838420340746862,0.7864501566453326,0.8161294082646616
