lr,ff,start,end,seed,trR2,valR2,tr_rmse,val_rmse
0.03,0.3,16,29,42,0.5600154193655089,0.4228901171524243,0.7440803854483827,0.7864693480742073
