lr,ff,start,end,seed,trR2,valR2,tr_rmse,val_rmse
0.03,0.3,16,29,42,0.5623460021014779,0.42382946447932546,0.7421066722514059,0.7858251208397391
0.03,0.3,16,29,43,0.5434257141357944,0.4188375491664783,0.7579780173984227,0.7892219557535467
0.03,0.2,16,29,42,0.5466635287495454,0.42153572895441827,0.7552856200442877,0.7873877525027819
0.03,0.2,16,29,43,0.5412125244612671,0.42126699151975444,0.7598129007413293,0.7875706298256743
0.01,0.3,16,29,42,0.5476648824675789,0.42276975130004324,0.7544510013702282,0.7865474475053068
0.01,0.3,16,29,43,0.5477661889945519,0.42274951276271255,0.7543665119201904,0.78656123613678
0.01,0.2,16,29,42,0.5353200406039604,0.4200767065831954,0.7646767007331867,0.7883801153152621
0.01,0.2,16,29,43,0.5386609568647294,0.4195376524702552,0.7619228383358501,0.7887464403421849
