lr,ff,start,end,seed,trR2,valR2,tr_rmse,val_rmse
0.03,0.3,16,29,42,0.5510398533931493,0.42318487769244106,0.751631169267317,0.7862645659153701
