lr,ff,start,end,seed,trR2,valR2,tr_rmse,val_rmse
0.05,0.3,19,29,42,0.5498478372352014,0.4185040794540047,0.7738583468796691,0.7901524228444745
