lr,ff,start,end,seed,trR2,valR2,tr_rmse,val_rmse
0.03,0.3,16,29,42,0.5629333517446646,0.4233026989463632,0.741608534701511,0.7861842649917031
