lr,ff,start,end,seed,trR2,valR2,tr_rmse,val_rmse
0.05,0.3,19,29,42,0.5570603492426958,0.4194105704326573,0.7668669768278106,0.7888327767080258
