lr,ff,start,end,seed,trR2,valR2,tr_rmse,val_rmse
0.008,0.3,13,29,42,0.5564252360213437,0.4264490955891581,0.7563434560591047,0.7840283462624071
0.008,0.3,13,29,43,0.5587321032534363,0.423979378885199,0.7543741619424827,0.7857145504873527
0.008,0.3,13,29,44,0.5602658528356806,0.4268421927385545,0.7530620019115444,0.7837596237029272
