lr,ff,start,end,seed,trR2,valR2,tr_rmse,val_rmse
0.03,0.3,13,29,42,0.5577090877370652,0.4232327876542592,0.7552462927506877,0.7862319121273856
