lr,ff,start,end,seed,trR2,valR2,tr_rmse,val_rmse
0.03,0.3,13,29,42,0.5552563788379328,0.4246269727271369,0.7573393150753389,0.7852727546747438
