lr,ff,start,end,seed,trR2,valR2,tr_rmse,val_rmse
0.03,0.3,13,29,42,0.5344583775268702,0.4076289611180708,0.6406870318643142,0.7000946554546811
