lr,ff,start,end,seed,trR2,valR2,tr_rmse,val_rmse
0.005,0.3,13,29,42,0.527548249205766,0.4235313640355324,0.7805745187923323,0.7860200459447783
0.005,0.3,13,30,42,0.5261948279076297,0.4041788666052778,0.7771604843355784,0.8163126165291195
0.005,0.3,13,32,42,0.48801469460612845,0.3863321002875808,0.8046564982762596,0.8144786354719445
