lr,ff,start,end,seed,trR2,valR2,tr_rmse,val_rmse
0.05,0.4,13,29,42,0.5816789521516089,0.43340707818745117,0.7344977960496514,0.779258149178593
0.05,0.4,13,29,43,0.5681275718660856,0.42494132357016956,0.7462998904177266,0.7850582113556414
0.05,0.4,13,32,42,0.521292495676819,0.39875095587837805,0.7780668145639348,0.8061951722004641
0.05,0.4,13,32,43,0.5308538188993168,0.4109493539904203,0.7702573789368877,0.7979750487414539
