lr,ff,start,end,seed,trR2,valR2,tr_rmse,val_rmse
0.03,0.3,17,29,42,0.5516424706229452,0.4202381482508408,0.7553451987164291,0.7882703712669994
