lr,ff,start,end,seed,trR2,valR2,tr_rmse,val_rmse
0.03,0.3,13,29,42,0.554823963927977,0.4241686027996504,0.7577073982059038,0.7855854854942528
