lr,ff,start,end,seed,trR2,valR2,tr_rmse,val_rmse
0.05,0.3,19,29,42,0.5539337202088961,0.4166790090694277,0.7696045883063583,0.7907237843442111
