lr,ff,start,end,seed,trR2,valR2,tr_rmse,val_rmse
0.03,0.3,13,29,42,0.5468321794836595,0.4227299530851343,0.7644783137646859,0.7865662216195628
0.03,0.3,13,30,42,0.5698299178114881,0.4048944853719847,0.7405099747337293,0.8158222477704472
0.03,0.3,13,32,42,0.5127055952216726,0.39166974473675775,0.7850141537472008,0.8109287577176927
0.007,0.3,13,29,42,0.5516241460896356,0.42518125590572553,0.7604256313477027,0.7848944189379996
