lr,ff,start,end,seed,trR2,valR2,tr_rmse,val_rmse
0.05,0.4,13,29,42,0.567619527088266,0.4303294800664119,0.7467387263978938,0.7813716556011423
0.05,0.4,13,29,43,0.5824664295620663,0.42780113442769874,0.7338061348393543,0.7831037010273876
0.05,0.4,13,32,42,0.520769368097778,0.4006729223293738,0.7784918309537107,0.8049055898318409
0.05,0.4,13,32,43,0.5126220056327422,0.4067213319091322,0.7850814808044919,0.8008337364089758
