lr,ff,start,end,seed,trR2,valR2,tr_rmse,val_rmse
0.03,0.3,13,29,42,0.5531500213745946,0.4283402438746806,0.7591306201181467,0.7827347051095087
