lr,ff,start,end,seed,trR2,valR2,tr_rmse,val_rmse
0.03,0.3,16,29,42,0.5567186832638835,0.420936494154568,0.7468624094953326,0.7877954808618013
