lr,ff,start,end,seed,trR2,valR2,tr_rmse,val_rmse
0.05,0.3,19,29,42,0.5400494638785056,0.41674238657336227,0.7814901633105743,0.7906808273258421
