lr,ff,start,end,seed,trR2,valR2,tr_rmse,val_rmse
0.03,0.3,16,29,42,0.545644244370315,0.4202247563843321,0.7561342376105764,0.7882794753073854
