lr,ff,start,end,seed,trR2,valR2,tr_rmse,val_rmse
0.03,0.3,16,29,42,0.2543254861816593,0.20171742645847945,2.586444887711368,2.6878035551280823
