lr,ff,start,end,seed,trR2,valR2,tr_rmse,val_rmse
0.03,0.3,16,29,42,0.25402561168112925,0.20186729293233674,2.586964891905159,2.687551253762921
