lr,ff,start,end,seed,trR2,valR2,tr_rmse,val_rmse
0.05,0.3,19,29,42,0.5437415155813202,0.4163874693664472,0.7783473084356684,0.7909213587363716
