lr,ff,start,end,seed,trR2,valR2,tr_rmse,val_rmse
0.05,0.3,19,29,42,0.5437526735918269,0.4163968864401183,0.7783377909572649,0.7909149776235972
