lr,ff,start,end,seed,trR2,valR2,tr_rmse,val_rmse
0.03,0.3,15,29,42,0.5485294222570689,0.4201481932160681,0.7503571242145374,0.7883315223569911
