lr,ff,start,end,seed,trR2,valR2,tr_rmse,val_rmse
0.03,0.3,16,29,42,0.5623460021014779,0.42382946447932546,0.7421066722514059,0.7858251208397391
