lr,ff,start,end,seed,trR2,valR2,tr_rmse,val_rmse
0.03,0.3,16,29,42,0.549569774505015,0.41929170729283427,0.7528607387231785,0.7889135241974568
