lr,ff,start,end,seed,trR2,valR2,tr_rmse,val_rmse
0.05,0.3,19,29,42,0.5445161430035974,0.4175297859250394,0.7776501349897108,0.7901094317797597
